[
  {
    "title": "자동차보험 담보 구성, 보험요율 산출 방식",
    "category": "자동차보험",
    "url": "https://bigin.kidi.or.kr:9443/info/getWeeklyInfoDetail?weeklyInsInfoId=15",
    "main_em": "추천검색어",
    "main_h4": "자동차보험 담보구성 및 보험요율 산출 방식",
    "main_strongs": [
      "보험통계",
      "알쓸보험",
      "MY보험",
      "보험소식",
      "자동차보험은 보통약관에서 정하고 있는 기본담보와 특별약관에서 정하는 추가담보로 구성되어 있습니다.",
      "자동차보험료는 다양한 요소들이 복합적으로 반영되어 산출됩니다."
    ],
    "main_ps": [
      "기본담보는 총 5가지로 구분(대인배상,대물배상,자기신체사고(자손),자기차량손해(자차),무보험차상해) 되어 있으며, 자동차사고로 발생한 손해를 피해 당사자(상대방 또는 본인) 및 피해 성격에 따라 구분하여 보장합니다.",
      "특별약관을 통해, 기본담보에서 보장하는 내용에 대해 계약자는 다양한 니즈에 맞춰 보장 내용을 조정할 수 있습니다.",
      "자동차보험료는 일반적으로 종목별,담보별,차종별로 기본보험료(총보험금/차량대수)를 산출하고, 피보험자 연령, 운전자 범위, 운행거리 등 다양한 차등화요소와 사고경력에 따른 개별적인 위험을 반영하여 산출하게 됩니다."
    ]
  },
  {
    "title": "자동차보험 유용한 특약",
    "category": "자동차보험",
    "url": "https://bigin.kidi.or.kr:9443/info/getWeeklyInfoDetail?weeklyInsInfoId=14",
    "main_em": "추천검색어",
    "main_h4": "자동차보험유용한 특약",
    "main_strongs": [
      "보험통계",
      "알쓸보험",
      "MY보험",
      "보험소식",
      "타인이 내 차량을 운전할 일이 생기셨다면, ‘단기 운전자 확대 특약’을 확인하세요.",
      "본인의 자동차보험이 있지만 다른 차량을 운전할 일이 있다면 ‘다른 자동차 운전 특약’을 확인하세요."
    ],
    "main_ps": [
      "특약 가입을 통해, 내 자동차보험의 운전자 범위에 포함되지 않는 사람이 내 차량을 일시적으로 운전하다 발생한 사고 피해를 보장합니다.",
      "보상 또한 내가 가입한 자동차보험의 보장 범위와 동일하게 보상합니다.",
      "",
      "무보험차상해 담보 가입 시 해당 특약은 자동적으로 가입되는 경우가 많으며, 다른차량 운전 중 발생한 사고에 대해 대인· 대물배상 및 자손 담보를 보상합니다.",
      "(다른 차량 운전시 자차 수리비를 보상받으려면 별도 특약을 추가로 가입해야 합니다.)",
      ""
    ]
  },
  {
    "title": "자동차사고 발생 시 대처요령",
    "category": "기타",
    "url": "https://bigin.kidi.or.kr:9443/info/getWeeklyInfoDetail?weeklyInsInfoId=13",
    "main_em": "추천검색어",
    "main_h4": "자동차사고발생 시 대처요령",
    "main_strongs": [
      "보험통계",
      "알쓸보험",
      "MY보험",
      "보험소식",
      "오늘은 차량사고가 발생한 경우대처요령에 대해서 알아보겠습니다."
    ],
    "main_ps": [
      "차량 사고가 발생한 경우, 먼저 경찰에 신고하여 상황을 설명하고 조치사항을 안내받아 대처하는 것이 중요합니다.",
      "인사 사고시 신고하지 않은 경우 뺑소니로 몰리거나, 고의로 교통사고를 내는 보험범죄의 대상이 될 수 있습니다.",
      "이후 가입한 자동차보험 보험사의 콜센터 번호를 확인하고, 보험사 콜센터에 신속하게 사고를 접수하여야 합니다.",
      "또한, 사고차량 및 현장을 꼼꼼하게 촬영하는 것이 필요합니다. 사진촬영 뿐만이 아니라, 동영상을 활용하여 전반적인 사고 정황과 차량 파손 부위(근접 촬영) 등을 촬영하는 것이 중요합니다."
    ]
  },
  {
    "title": "자기신체손해와 자동차상해의 차이",
    "category": "자동차보험",
    "url": "https://bigin.kidi.or.kr:9443/info/getWeeklyInfoDetail?weeklyInsInfoId=11",
    "main_em": "추천검색어",
    "main_h4": "자기신체손해와자동차상해의 차이",
    "main_strongs": [
      "보험통계",
      "알쓸보험",
      "MY보험",
      "보험소식"
    ],
    "main_ps": [
      "자동차보험의 자기신체사고(자손)와 자동차상해 담보 모두 가입하신 자동차의 사고로 피보험자 본인, 배우자, 부모, 자녀 등이 사망 또는 상해를 입은 경우 그로 인한 손해를 보상합니다.",
      "그 중 자동차상해 담보는 자기신체사고의 보상이 확대된 형태로, 가입 시 자기신체사고 담보가 자동차상해 담보로 대체됩니다.",
      "사망/후유장해 시 자기신체사고 담보가 사망보험 가입금액/후유장애등급별 가입금액을 지급하는 것과는 다르게 자동차상해 담보는 위자료와 상실수익액을 지급하며, 사망 시에는 장례비를 지급합니다.",
      "부상 시 자기신체사고 담보가 상해급수별 한도 내 실제 치료비를 보상하는 것에 비하여, 자동차상해의 경우 가입금액 내에서 상해급수별 한도 없이 치료비, 위자료, 휴업손해, 기타 손해배상금 등을 지급합니다."
    ]
  },
  {
    "title": "자동차보험과 운전자보험의 차이",
    "category": "자동차보험",
    "url": "https://bigin.kidi.or.kr:9443/info/getWeeklyInfoDetail?weeklyInsInfoId=10",
    "main_em": "추천검색어",
    "main_h4": "자동차보험과운전자보험의 차이",
    "main_strongs": [
      "보험통계",
      "알쓸보험",
      "MY보험",
      "보험소식"
    ],
    "main_ps": [
      "자동차보험은 차량 소유자가 반드시 가입해야 하는 의무보험이지만, 운전자보험은 꼭 가입해야 하는 의무보험이 아닙니다.",
      "운전자보험은 자동차사고로 인한 상해 또는 형사/행정상 책임 등 비용손해를 보장하는 보험입니다.",
      "주요 보장 대상으로는 운전자 상해(상해치료비, 입원일당 등)/형사 책임(교통사고처리특례법 상 중과실사고 등)/행정상 책임(면허취소/정지 등)이 있습니다.",
      "또한 자동차보험의 경우 가입 기간이 최대 1년이지만, 운전자보험의 경우 각 보험사별로 가입 기간이 달라 최대 20년의 가입 기간을 두고 있습니다.",
      "운전자보험은 부가 가능한 특약이 매우 많아(통상 100개 이상) 소비자가 모든 특약의 내용을 제대로 이해하기 어려운 측면이 있어, 회사별로 비슷한 명칭의 특약이라도 보장내용이 다를 수 있습니다.",
      "따라서, 약관/상품설명서 등을 통해 보장내용을 자세히 확인하고 가입하여야 합니다."
    ]
  },
  {
    "title": "자동차 보험료 할인 특약",
    "category": "자동차보험",
    "url": "https://bigin.kidi.or.kr:9443/info/getWeeklyInfoDetail?weeklyInsInfoId=3",
    "main_em": "추천검색어",
    "main_h4": "자동차 보험료할인 특약",
    "main_strongs": [
      "보험통계",
      "알쓸보험",
      "MY보험",
      "보험소식",
      "주행거리 할인 특약이란?",
      "자동차를 가지고 있으면 누구나 가입해야하는 자동차보험",
      "후환급형, 선할인형, 퍼마일형의 세가지 방식"
    ],
    "main_ps": [
      "자동차보험을 갱신할때마다 보험료는 가입자에게 부담이 되기 마련입니다.오늘은 보험료 부담을 줄일 수 있는 대표적인 할인특약인 주행거리 할인특약을 알아보겠습니다.",
      "주행거리 할인특약은 연간 실제 주행거리에 따라 보험료 할인을 적용하는 상품입니다. 주행거리별로 구간을 나누고 있으며, 주행거리가 짧을수록 할인율이 커집니다.",
      "보험사마다 할인율은 상이하지만 최저 주행거리 구간의 경우 약 50% 까지도 보험료 할인을 받을 수 있습니다.",
      "계약형태에 따라 후환급형, 선할인형, 퍼마일(Per-mile)형으로 나뉩니다.",
      "후환급형은 보험만기시 주행거리를 확인하여 보험료를 돌려주는 방식 이고, 선할인형은 보험가입시 주행거리를 선택하여 먼저 보험료를 할인 받는 방식이며, 퍼마일형은 매월 주행거리에 따라 보험료를 납부하는 방식입니다.",
      "가입자 상황에 맞게 주행거리 할인특약을 활용하여 보험료 부담을 줄이시기 바랍니다."
    ]
  }
]